{
    "version": "6.0.3",
    "channels": [
        {
            "channel_title": "About",
            "channel_name": "about",
            "statuses": [
                "Default Page"
            ],
            "field_groups": [
                "about",
                "common",
                "seo"
            ],
            "fields": [],
            "cat_groups": []
        }
    ],
    "field_groups": [
        {
            "name": "about",
            "fields": [
                "about_image"
            ]
        },
        {
            "name": "common",
            "fields": [
                "page_content"
            ]
        },
        {
            "name": "seo",
            "fields": [
                "seo_desc",
                "seo_title"
            ]
        }
    ],
    "statuses": [
        {
            "name": "Default Page",
            "highlight": "2051B3"
        }
    ],
    "category_groups": [],
    "upload_destinations": []
}